node1	node2
TAP1	TAP2
TAP1	ENSG00000250264
TAP1	CALR
TAP1	STX4
TAP1	TAPBP
TAP1	PSMB9
TAP1	PSMB8
UBL7	ZYX
TAP2	CALR
TAP2	STX4
TAP2	TAPBP
TAP2	PSMB9
TAP2	PSMB8
TAP2	PPYR1
ESPN	MYO3A
ESPN	LRRC16A
ESPN	FSCN1
ESPN	MYO1A
ESPN	CD2AP
SSFA2	COBL
C1orf162	MS4A6A
MOCS3	UBE2J1
MOCS3	UBE2E1
MOCS3	UBE2B
MOCS3	UBE2NL
MOCS3	UBE2L6
MOCS3	UBC-16
MOCS3	UBE2U
MOCS3	CLASRP
MOCS3	UBE2W
MOCS3	GPHN
POGLUT1	NOTCH4
CD226	TIGIT
CD226	PVR
CD226	PVRL2
CD226	ULBP1
GAPVD1	FNBP1
GAPVD1	SNAP91
GAPVD1	DAB2
GAPVD1	SNX18
GAPVD1	HIP1
GAPVD1	SH3GL3
GAPVD1	HIP1R
GAPVD1	EPS15
GAPVD1	APOB
GAPVD1	TFRC
GAPVD1	BIN1
GAPVD1	ITSN2
GAPVD1	REPS1
GAPVD1	REPS2
GAPVD1	SYT11
GAPVD1	TF
GAPVD1	RAB5A
GAPVD1	RAB5C
GAPVD1	RAB5B
GAPVD1	AMPH
GAPVD1	EPN2
GAPVD1	LDLR
GAPVD1	SYT8
GAPVD1	VAMP3
GAPVD1	VAMP4
GAPVD1	VAMP7
GAPVD1	SLC2A8
GAPVD1	VAMP8
GAPVD1	AAK1
GAPVD1	CBL
GAPVD1	SGIP1
GAPVD1	STON2
GAPVD1	LDLRAP1
GAPVD1	PICALM
BLOC1S3	RAB5C
BLOC1S3	VAMP7
BLOC1S3	VAMP8
BLOC1S3	TFRC
BLOC1S3	PICALM
BLOC1S3	HIP1R
CDC73	TLE1
CDC73	ERCC3
CDC73	RNF20
CDC73	POLR2E
CDC73	CDK9
CDC73	AP3D1
CDC73	RNF40
CDC73	ERCC2
PIK3CA	GPR17
PIK3CA	EPHB2
PIK3CA	HCST
PIK3CA	NFKBIA
PIK3CA	GAB2
PIK3CA	SAA1
PIK3CA	PTK2B
PIK3CA	EPHB1
PIK3CA	REL
PIK3CA	TREM2
PIK3CA	ABL1
PIK3CA	MS4A2
PIK3CA	ZYX
PIK3CA	FLT1
PIK3CA	FCER1G
PIK3CA	FCER1A
PIK3CA	INPPL1
PIK3CA	FYN
PIK3CA	PVRL3
PIK3CA	PIK3R1
PIK3CA	CDH1
PIK3CA	NFKB1
PIK3CA	TNS1
PIK3CA	GNGT2
PIK3CA	IL3
PIK3CA	CBLC
PIK3CA	CBLB
PIK3CA	KLRC2
PIK3CA	EPHB4
PIK3CA	INPP5D
PIK3CA	KLRK1
PIK3CA	PTPN11
PIK3CA	CBL
PIK3CA	CD2AP
PIK3CA	VLDLR
PIK3CA	ITGAM
PIK3CA	FGF22
PIK3CA	VAV3
PIK3CA	CD19
CKB	CKM
CKB	GAMT
CKB	ASB9
CKB	TPM1
PILRB	KLRG1
PILRB	LAIR1
APBB3	APLP2
CD68	ITGAX
CD68	CD163
CD68	C5orf20
CD68	ITGAM
DMPK	CNBP
DMPK	HSPB2
DMPK	CELF1
DMPK	PLN
RNF111	CBLB
RNF111	ERCC3
RNF111	CDC16
RNF111	UBE2J1
RNF111	STUB1
RNF111	ERCC2
RNF111	ASB9
RNF111	UBE2E1
RNF111	UBE2L6
RNF111	UBE2B
RNF111	UBE2V1
RNF111	UBE2V2
RNF111	UBE2U
RNF111	TRIM4
CAMTA2	FAM192A
CAMTA2	NPPA
IFNA10	ANXA11
IFNA10	PTPN11
CBLC	CBLB
CBLC	CSF1R
CBLC	FYN
CBLC	SH3GLB2
CBLC	SH2B2
CBLC	CBL
CBLC	ABL1
CBLC	SH3GL3
CBLC	FLT1
CBLB	UBE2J1
CBLB	CSF1R
CBLB	UBE2L6
CBLB	ABL1
CBLB	MS4A2
CBLB	SH3GL3
CBLB	FLT1
CBLB	FCER1G
CBLB	CDC16
CBLB	STUB1
CBLB	ASB9
CBLB	FYN
CBLB	PIK3R1
CBLB	UBE2E1
CBLB	SH3GLB2
CBLB	SH2B2
CBLB	UBE2V1
CBLB	UBE2V2
CBLB	UBE2B
CBLB	CBL
CBLB	FCER1A
CBLB	UBE2U
CBLB	TRIM4
CBLB	CD19
NPR3	NPPC
NPR3	NPPA
SLC38A1	PBX2
SLC38A1	SLC38A2
LARP7	SART3
LARP7	CDK9
LARP7	MEPCE
LARP7	HEXIM1
PPP2R2D	ARPP19
PPP2R2D	ENSA
PPP2R2D	MINK1
AP5M1	AP3B2
AP5M1	AP5Z1
AP5M1	SYNRG
AP5M1	AP3M2
AP5M1	SGIP1
AP5M1	AP3S2
AP5M1	AP5S1
AP5M1	AFTPH
AP5M1	AP4M1
GIF	TCN1
GIF	AMN
MS4A4A	MS4A6E
MS4A4E	MS4A6A
MS4A4E	MS4A10
MS4A4E	MS4A6E
MS4A4E	MS4A8B
SNAP91	FNBP1
SNAP91	ITSN2
SNAP91	FCHO2
SNAP91	FCHO1
SNAP91	DAB2
SNAP91	SNX18
SNAP91	HIP1
SNAP91	SH3GL3
SNAP91	HIP1R
SNAP91	APOB
SNAP91	TFRC
SNAP91	BIN1
SNAP91	RAB5B
SNAP91	REPS1
SNAP91	REPS2
SNAP91	SYT11
SNAP91	TF
SNAP91	RAB5A
SNAP91	RAB5C
SNAP91	EPS15
SNAP91	AMPH
SNAP91	EPN2
SNAP91	LDLR
SNAP91	EPS15L1
SNAP91	SYT8
SNAP91	VAMP3
SNAP91	VAMP4
SNAP91	VAMP7
SNAP91	SLC2A8
SNAP91	VAMP8
SNAP91	AAK1
SNAP91	CBL
SNAP91	SGIP1
SNAP91	STON2
SNAP91	LDLRAP1
SNAP91	PICALM
AP5S1	AP5Z1
AP5S1	SYNRG
AP5S1	AFTPH
AP5S1	AP3S2
AP5S1	AP3M2
AP5S1	SGIP1
AP5S1	AP4M1
GRB10	COBL
GRB10	DOK1
GRB10	EPHB1
GRB10	GIGYF1
GRB10	GIGYF2
ENSG00000251246	EPHB2
ENSG00000251246	EPHB3
ENSG00000251246	EPHB1
ENSG00000251246	EPHB6
ENSG00000251246	EPHB4
ENSG00000251246	EPHA8
ENSG00000251246	EPHA7
ENSG00000251246	CSF1R
ENSG00000251246	EPHA5
ENSG00000251246	FYN
ENSG00000251246	EPHA1
ENSG00000251246	EPHA6
ENSG00000251246	EPHA10
ENSG00000251246	FLT1
CD33	IL3
CD33	PTPN11
CD33	ITGAM
CD33	SLAMF1
CD33	CD19
PLTP	APOE
PLTP	APOB
PLTP	LPA
PLTP	APOA2
PLTP	APOA1
COLEC10	MASP1
COLEC10	C2
COLEC10	C4A
COLEC10	C4B
COLEC10	COLEC11
COLEC11	MASP1
COLEC11	C2
COLEC11	C4A
COLEC11	C4B
KLC3	NFKB2
KLC3	SLC35E4
KLC3	KTN1
KLC3	KIF1C
C10orf25	TRMT1
SAP25	SIN3B
SAP25	SIN3A
MYO3A	LRRC16A
MYO3A	MYO1A
MYO3A	CD2AP
MMP10	CTRB2
MMP10	CTRB1
RASL10B	NPPA
CDKN1C	PHLDA2
CDKN1C	MYOD1
CDKN1C	SLC22A18
CDKN1C	KCNQ1
CELF1	SLC6A11
UROS	HMBS
UROS	ALAD
UROS	CPOX
UROS	PPOX
UROS	UROD
UROS	FECH
ENSG00000244255	C3
ENSG00000244255	CFB
UROD	HMBS
UROD	ALAD
UROD	CPOX
UROD	PPOX
UROD	FECH
APOA5	DSCAML1
APOA5	APOE
APOA5	APOB
APOA5	APOC2
APOA5	APOC3
APOA5	APOA4
APOA5	APOA1
APOA5	APOA2
PHLDA1	SLC22A18AS
CHKA	PCYT1A
CHKA	AGXT2L1
CHKA	PCYT1B
CHKA	CHAT
CHKA	CHKB-CPT1B
CHKA	PCYT2
CHKA	PHOSPHO1
CHKA	ACHE
CHKA	GPCPD1
APOA2	CETP
APOA2	LRP10
APOA2	LRP12
APOA2	APOE
APOA2	APOB
APOA2	MTTP
APOA2	LRP8
APOA2	LRP1
APOA2	GPC2
APOA2	APOC2
APOA2	TF
APOA2	LDLR
APOA2	USF1
APOA2	APOC3
APOA2	APOC1
APOA2	APOA4
APOA2	ITIH2
APOA2	APOA1
APOA2	LPA
HIP1R	FNBP1
HIP1R	ITSN2
HIP1R	USP1
HIP1R	FCHO2
HIP1R	FCHO1
HIP1R	DAB2
HIP1R	SNX18
HIP1R	HIP1
HIP1R	SH3GL3
HIP1R	APOB
HIP1R	TFRC
HIP1R	BIN1
HIP1R	USP46
HIP1R	REPS1
HIP1R	REPS2
HIP1R	SYT11
HIP1R	TF
HIP1R	TATDN1
HIP1R	RAB5A
HIP1R	RAB5C
HIP1R	EPS15
HIP1R	AMPH
HIP1R	EPN2
HIP1R	USP38
HIP1R	LDLR
HIP1R	IRF2BP1
HIP1R	EPS15L1
HIP1R	USP35
HIP1R	SYT8
HIP1R	USP12
HIP1R	VAMP3
HIP1R	VAMP4
HIP1R	VAMP7
HIP1R	SLC2A8
HIP1R	VAMP8
HIP1R	RAB5B
HIP1R	AAK1
HIP1R	CBL
HIP1R	SGIP1
HIP1R	STON2
HIP1R	WIPF1
HIP1R	LDLRAP1
HIP1R	PICALM
APOF	CETP
APOF	APOB
TAPBP	ENSG00000250264
TAPBP	CALR
TAPBP	STX4
APOE	VLDLR
APOE	APOC2
APOE	APOC3
APOE	APOC1
APOE	APOA4
APOE	APOA1
APOE	MSR1
APOE	APOB
APOE	PSEN2
APOE	TF
APOE	LRP10
APOE	LRP12
APOE	CETP
APOE	LDLR
APOE	LPA
APOE	LRP1
APOE	LRP8
APOE	GPC2
APOE	LDLRAP1
APOE	CALR
APOB	FNBP1
APOB	ITSN2
APOB	VLDLR
APOB	APOC1
APOB	FCHO2
APOB	SAA1
APOB	APOC2
APOB	APOC3
APOB	APOA4
APOB	DAB2
APOB	SNX18
APOB	BIN1
APOB	APOA1
APOB	TFRC
APOB	GPC2
APOB	HIP1
APOB	RAB5B
APOB	REPS1
APOB	REPS2
APOB	SYT11
APOB	SH3GL3
APOB	APOBR
APOB	TF
APOB	COLEC12
APOB	MSR1
APOB	STON2
APOB	LRP10
APOB	LRP12
APOB	RAB5A
APOB	RAB5C
APOB	EPS15
APOB	AMPH
APOB	EPN2
APOB	LDLR
APOB	FCHO1
APOB	CETP
APOB	LRP8
APOB	LPA
APOB	SYT8
APOB	VAMP3
APOB	LRP1
APOB	VAMP4
APOB	VAMP7
APOB	SLC2A8
APOB	VAMP8
APOB	CALR
APOB	PTPN11
APOB	AAK1
APOB	CBL
APOB	SGIP1
APOB	MTTP
APOB	ITGAM
APOB	LDLRAP1
APOB	PICALM
WDR48	USP12
WDR48	USP1
WDR48	USP46
WDR48	USP38
WDR48	USP26
WDR48	DMWD
WDR48	USP35
PEPD	STK16
PEPD	APOC1
TBC1D20	CDC16
TBC1D20	USP6
C4A	CD55
C4A	C1QC
C4A	MASP1
C4A	GPR77
C4A	MASP2
C4A	MBL2
C4A	C4BPA
C4A	C4BPB
C4A	C4B
C4A	C3
C4A	C2
C4A	C5
C4A	FCN3
C4A	FCN2
C4A	FCN1
C4A	CD46
C4A	CR1
C4A	CFI
C4A	CFB
C4A	C1QB
C4A	C1QA
C4A	C1S
C4A	C1R
C4B	CD55
C4B	C1QC
C4B	MASP1
C4B	MASP2
C4B	MBL2
C4B	C4BPA
C4B	C4BPB
C4B	C3
C4B	C2
C4B	C5
C4B	FCN3
C4B	FCN2
C4B	FCN1
C4B	CD46
C4B	CR1
C4B	CFI
C4B	CR1L
C4B	CFB
C4B	C1QB
C4B	C1QA
C4B	C1S
C4B	C1R
TTL	CLIP1
NR1H4	APOC2
GDF15	HAMP
HOXA5	PBX2
HOXA5	MEIS1
HOXB8	PBX2
ZNF223	HAUS2
ZNF223	USP49
ZNF223	EVI5
ZNF225	JUNB
ZNF225	JUND
ZNF225	FOSL2
PRSS53	FGA
RPH3AL	ZYX
HOXB3	POLR2E
HOXB3	HOXB1
HOXB3	PBX2
HOXB1	POLR2E
HOXB1	PBX2
HOXB1	MEIS1
HOXB7	PBX2
HOXB5	PBX2
NFASC	CNTNAP2
EPS15L1	EPS15
EPS15L1	AGFG2
EPS15L1	ITSN2
EPS15L1	CSF1R
EPS15L1	CBL
EPS15L1	EPN2
EPS15L1	STON2
EPS15L1	PTPN3
EPS15L1	FLT1
EPS15L1	HIP1
EPS15L1	NUMBL
CHST1	SULT1C2
LHX4	POU1F1
LHX4	ESX1
LHX4	TSC22D2
LHX4	TSC22D4
CHST5	SULT1C2
ITGAX	FCGR2B
ITGAX	LY75
ITGAX	FLT3LG
ITGAX	ITGAM
ITGAX	C3
ITGAX	FGA
ITGAX	CD19
ERLIN1	RNF185
ERLIN1	RNF5
GZMM	C3
GZMM	CFB
TCN1	CTRB2
TCN1	PRSS3
TCN1	CTRB1
TCN1	MASK-BP3
DNAJC2	C11orf73
SGIP1	FNBP1
SGIP1	ITSN2
SGIP1	SYNRG
SGIP1	FCHO2
SGIP1	AP3M2
SGIP1	AP3S2
SGIP1	DAB2
SGIP1	SNX18
SGIP1	HIP1
SGIP1	SH3GL3
SGIP1	TFRC
SGIP1	BIN1
SGIP1	RAB5B
SGIP1	REPS1
SGIP1	REPS2
SGIP1	AFTPH
SGIP1	SYT11
SGIP1	TF
SGIP1	RAB5A
SGIP1	RAB5C
SGIP1	EPS15
SGIP1	AP4M1
SGIP1	AMPH
SGIP1	AP5Z1
SGIP1	LDLR
SGIP1	FCHO1
SGIP1	EPN2
SGIP1	SYT8
SGIP1	VAMP3
SGIP1	VAMP4
SGIP1	VAMP7
SGIP1	SLC2A8
SGIP1	VAMP8
SGIP1	AAK1
SGIP1	CBL
SGIP1	STON2
SGIP1	LDLRAP1
SGIP1	PICALM
GPX4	GRSF1
KIR2DL4	PTPN11
KIR2DL4	FCER1G
RTFDC1	LARS
RTFDC1	ABL1
RTFDC1	TRMT1
ZNF296	MPO
C8orf34	SART3
C8orf34	USP15
CD19	FCGR2B
CD19	CBL
CD19	ABL1
CD19	ITGAM
CD19	PIK3R1
CD19	C3
CD19	MS4A1
CYP2J2	CYP2C9
CYP2J2	CYP2C8
CYP2J2	EPHX2
CYP2J2	CYP2B6
TRAPPC2P1	TRAPPC6A
TLE1	HESX1
AP3M2	AP3B2
AP3M2	SYNRG
AP3M2	AFTPH
AP3M2	AP3S2
AP3M2	AP5Z1
AP3M2	AP3D1
AP3M2	AP4M1
SLC2A10	AP4M1
AKAP13	HMHA1
AKAP13	KRT35
AKAP13	KRT34
REL	NFKBIA
REL	NFKB1
REL	PSMB9
REL	PSMB8
REL	RELB
REL	NFKB2
REL	BCL3
DTX1	DTX4
DTX1	APH1B
DTX1	APH1A
DTX1	DTX2
DTX1	NOTCH4
DTX1	PSEN2
DTX1	NCSTN
DTX1	ADAM10
DTX1	PSENEN
DTX1	DNER
HMBS	ALAD
HMBS	CPOX
HMBS	PPOX
HMBS	FECH
MDK	GPC2
ASPG	CHRNE
DTX2	DTX4
DTX2	APH1B
DTX2	APH1A
DTX2	NOTCH4
DTX2	PSEN2
DTX2	NCSTN
DTX2	PSENEN
DTX2	DNER
PROP1	POU1F1
CYP39A1	HSD3B7
SIT1	PTPN11
AP3D1	AP3B2
AP3D1	AP4S1
AP3D1	AP4M1
AP3D1	AP3S2
S100A6	ANXA11
S100A6	AGER
ZC3HAV1	SLTM
C1QBP	ZFHX4
C1QBP	TOMM40
C1QBP	LACTB
C17orf80	TM2D3
MASK-BP3	ANKRD17
CPOX	ALAD
CPOX	PPOX
CPOX	FECH
LDLR	FNBP1
LDLR	ITSN2
LDLR	FCHO2
LDLR	FCHO1
LDLR	APOC3
LDLR	APOA4
LDLR	DAB2
LDLR	SNX18
LDLR	HIP1
LDLR	APOA1
LDLR	TFRC
LDLR	BIN1
LDLR	RAB5B
LDLR	REPS1
LDLR	REPS2
LDLR	SYT11
LDLR	SH3GL3
LDLR	TF
LDLR	RAB5A
LDLR	RAB5C
LDLR	EPS15
LDLR	AMPH
LDLR	EPN2
LDLR	AAK1
LDLR	CETP
LDLR	SYT8
LDLR	VAMP3
LDLR	VAMP4
LDLR	VAMP7
LDLR	SLC2A8
LDLR	VAMP8
LDLR	CBL
LDLR	STON2
LDLR	LDLRAP1
LDLR	PICALM
BCAM	SMUG1
BCAM	PDZD4
BCAM	FUT2
SH2B2	FYN
SH2B2	CBL
LASP1	ZYX
UBE2V1	NFKBIA
UBE2V1	UBE2B
UBE2V1	CDC16
UBE2V1	UBE2J1
UBE2V1	STUB1
UBE2V1	UBE2NL
UBE2V1	ASB9
UBE2V1	UBE2E1
UBE2V1	TRIM4
UBE2V1	UBE2L6
UBE2V1	ZYX
UBE2V1	UBC-16
UBE2V1	LY96
UBE2V1	NFKB1
UBE2V1	UBE2V2
UBE2V1	RNF40
UBE2V1	UBE2U
UBE2V1	RNF20
UBE2V1	UBE2W
UBE2V2	ERCC3
UBE2V2	CDC16
UBE2V2	UBE2J1
UBE2V2	TTLL12
UBE2V2	STUB1
UBE2V2	UBE2NL
UBE2V2	ERCC2
UBE2V2	ASB9
UBE2V2	UBE2E1
UBE2V2	TRIM4
UBE2V2	UBE2L6
UBE2V2	ZYX
UBE2V2	UBC-16
UBE2V2	RNF40
UBE2V2	UBE2U
UBE2V2	RNF20
UBE2V2	UBE2W
UBE2V2	UBE2B
RNF20	STUB1
RNF20	UBE2B
RNF20	UBE2E1
RNF20	RNF40
RNF20	LARGE
RNF20	UBE2U
CYP2C9	CYP2C8
CYP2C9	EPHX2
CYP2C9	CYP2B6
CYP2C8	EPHX2
CYP2C8	CYP2B6
CRTAM	PVRL2
MEPCE	USP15
MEPCE	HEXIM1
MEPCE	HEXIM2
MEPCE	SART3
MEPCE	CDK9
MEPCE	BIN3
MS4A7	CD163
MS4A7	MS4A1
TPCN2	SLC24A4
TPCN2	SLC24A5
GTF2H2C	ERCC2
GTF2H2C	ERCC3
FGL1	FGA
FGL1	FGL2
GEMIN7	NUP88
GEMIN7	CLNS1A
FGL2	MS4A6A
FGL2	FGA
ABCA7	PLN
ABCA7	ABCB8
ABCA7	APOA1
ABCA7	ATP2A2
ABCA7	ELP6
CD97	CD55
LDLRAP1	FNBP1
LDLRAP1	ITSN2
LDLRAP1	FCHO2
LDLRAP1	FCHO1
LDLRAP1	DAB2
LDLRAP1	SNX18
LDLRAP1	HIP1
LDLRAP1	SH3GL3
LDLRAP1	TFRC
LDLRAP1	BIN1
LDLRAP1	RAB5B
LDLRAP1	REPS1
LDLRAP1	REPS2
LDLRAP1	SYT11
LDLRAP1	TF
LDLRAP1	RAB5A
LDLRAP1	RAB5C
LDLRAP1	EPS15
LDLRAP1	AMPH
LDLRAP1	EPN2
LDLRAP1	SYT8
LDLRAP1	VAMP3
LDLRAP1	VAMP4
LDLRAP1	VAMP7
LDLRAP1	SLC2A8
LDLRAP1	VAMP8
LDLRAP1	AAK1
LDLRAP1	CBL
LDLRAP1	STON2
LDLRAP1	PICALM
ANKFY1	KIF1C
SPCS1	DNASE1L1
SPCS1	TM2D3
SPCS1	PVRIG
SPCS1	C11orf10
CHKB-CPT1B	PCYT1A
CHKB-CPT1B	AGXT2L1
CHKB-CPT1B	PCYT1B
CHKB-CPT1B	CHAT
CHKB-CPT1B	PCYT2
CHKB-CPT1B	PHOSPHO1
CHKB-CPT1B	ACHE
CHKB-CPT1B	GPCPD1
IGSF1	SOX3
C1orf63	FAM192A
ZNF16	NOX4
BIN1	FNBP1
BIN1	ITSN2
BIN1	FCHO2
BIN1	FCHO1
BIN1	RIN3
BIN1	DAB2
BIN1	SNX18
BIN1	HIP1
BIN1	BIN3
BIN1	BIN2
BIN1	TFRC
BIN1	RAB5B
BIN1	REPS1
BIN1	REPS2
BIN1	SYT11
BIN1	SH3GL3
BIN1	TF
BIN1	RAB5A
BIN1	RAB5C
BIN1	EPS15
BIN1	AMPH
BIN1	EPN2
BIN1	SYT8
BIN1	VAMP3
BIN1	VAMP4
BIN1	VAMP7
BIN1	SLC2A8
BIN1	VAMP8
BIN1	AAK1
BIN1	CBL
BIN1	STON2
BIN1	PICALM
CPSF2	NUP88
CPSF2	SCARA3
CPSF2	CPSF3L
CPSF2	SYMPK
CPSF2	CSTF1
CPSF2	POLR2E
CPSF2	CPSF3
BIN3	BIN2
BIN2	EPS15
BIN2	PICALM
BIN2	FSCN1
EPS15	FNBP1
EPS15	CSF1R
EPS15	FCHO2
EPS15	FCHO1
EPS15	DAB2
EPS15	SNX18
EPS15	HIP1
EPS15	SH3GL3
EPS15	FLT1
EPS15	TFRC
EPS15	ITSN2
EPS15	REPS1
EPS15	REPS2
EPS15	SYT11
EPS15	TF
EPS15	NUMBL
EPS15	RAB5A
EPS15	RAB5C
EPS15	RAB5B
EPS15	AMPH
EPS15	EPN2
EPS15	PTPN3
EPS15	SYT8
EPS15	SH3BP4
EPS15	VAMP3
EPS15	VAMP4
EPS15	VAMP7
EPS15	SLC2A8
EPS15	VAMP8
EPS15	AAK1
EPS15	CBL
EPS15	STON2
EPS15	AGFG2
EPS15	PICALM
MYOD1	MEF2C
MYOD1	CKM
CPSF3	NUP88
CPSF3	SCARA3
CPSF3	SYMPK
CPSF3	CSTF1
CPSF3	POLR2E
SLC38A2	PBX2
MAB21L1	PBX2
MAB21L1	MEIS2
MAB21L1	MEIS1
MAB21L2	PBX2
MAB21L2	MEIS2
MAB21L2	MEIS1
CLIP2	CLASRP
CLIP2	CLASP1
CLIP2	CLASP2
CLIP1	CLASP2
CLIP1	ITGB3BP
CLIP1	CLASRP
CLIP1	CLASP1
GRIN3B	OLFM2
GRIN3B	SHISA9
ETNK2	AGXT2L1
ETNK2	PCYT2
ETNK2	GPCPD1
STXBP5	VAMP8
STXBP5	STX1B
STXBP5	STX4
STXBP5	VAMP7
STXBP5	SYBU
CRISP2	LRRC49
CRISP2	HAUS4
CRISP2	PVR
CRISP2	PCDHGB6
CRISP2	DPP7
JAG2	NEURL1B
JAG2	NEURL
JAG2	NOTCH4
JAG2	ADAM10
JAG2	DLL4
JAG2	CDK9
TMEM173	DTX4
TMEM173	RNF5
NUMBL	NOTCH4
NUMBL	AGFG2
SLC24A4	SLC8A1
SLC24A4	SLC8A2
SLC24A1	SLC8A1
IL34	CSF1R
PTPN21	FYN
PTPN21	KIF1C
VPS52	VAMP3
VPS52	RAB34
VPS52	VAMP4
VPS52	CCDC132
VPS52	RAB6C
VPS52	ENSG00000255098
VPS52	RAB41
VPS52	TSSC1
ENSG00000260861	TREM2
EXOC2	EXOC3
EXOC2	EXOC1
EXOC2	EXOC6
EXOC2	EXOC7
EXOC2	EXOC4
EXOC2	EXOC5
EXOC2	EXOC8
EXOC2	EXOC6B
EXOC2	STX4
EXOC2	TNFAIP2
EXOC2	STXBP3
EXOC2	EXOC3L4
EXOC2	EXOC3L2
EXOC2	EXOC3L1
EXOC3	EXOC1
EXOC3	EXOC6
EXOC3	EXOC7
EXOC3	EXOC4
EXOC3	EXOC5
EXOC3	EXOC8
EXOC3	EXOC6B
EXOC3	STX4
EXOC3	STXBP1
EXOC3	STXBP3
EXOC3	STXBP2
EXOC3	PVRL2
EXOC3	CDH1
EXOC1	EXOC6
EXOC1	EXOC7
EXOC1	EXOC4
EXOC1	EXOC5
EXOC1	EXOC8
EXOC1	EXOC6B
EXOC1	STX4
EXOC1	TNFAIP2
EXOC1	STXBP3
EXOC1	EXOC3L4
EXOC1	EXOC3L2
EXOC1	EXOC3L1
EXOC6	EXOC7
EXOC6	EXOC4
EXOC6	EXOC5
EXOC6	EXOC8
EXOC6	STX4
EXOC6	TNFAIP2
EXOC6	STXBP3
EXOC6	EXOC3L4
EXOC6	EXOC3L2
EXOC6	EXOC3L1
EXOC7	EXOC4
EXOC7	EXOC5
EXOC7	EXOC8
EXOC7	EXOC6B
EXOC7	STX4
EXOC7	TNFAIP2
EXOC7	STXBP3
EXOC7	EXOC3L4
EXOC7	EXOC3L2
EXOC7	EXOC3L1
EXOC7	ZACN
EXOC4	EXOC5
EXOC4	EXOC8
EXOC4	EXOC6B
EXOC4	STX4
EXOC4	TNFAIP2
EXOC4	STXBP3
EXOC4	EXOC3L4
EXOC4	EXOC3L2
EXOC4	EXOC3L1
EXOC4	CDH1
EXOC4	PVRL2
CFI	CR1
CFI	C4BPA
CFI	C4BPB
CFI	CD46
CFI	CFB
CFI	C3
CFI	C2
KLRK1	KLRC2
KLRK1	RAET1E
KLRK1	PIK3R1
KLRK1	VAV3
KLRK1	ULBP1
KLRK1	FYN
KLRK1	ULBP2
KLRK1	ULBP3
KLRK1	HCST
KLRK1	TREM2
KLRK1	MICB
KLRK1	MICA
ARPP21	ARPP19
ARPP21	ENSA
CALR	LRP1
CALR	C1QC
CALR	C1QB
CALR	C1QA
CALR	STX4
CALR	APOA1
CALR	MSR1
CFB	CR1
CFB	CD46
CFB	C3
CFB	C2
CFB	CD55
CFB	C5
TRIM4	UBE2B
TRIM4	CDC16
TRIM4	UBE2J1
TRIM4	STUB1
TRIM4	ASB9
TRIM4	UBE2E1
TRIM4	UBE2L6
TRIM4	UBE2U
CHRNG	CHRNB1
CHRNG	CHRNA3
CHRNG	CHRNB2
CHRNG	CHRNB4
CHRNG	CHRNA4
CHRNG	PTK2B
CHRNG	CHRNA1
CHRNG	CHRND
CHRNG	CHRNE
CHRND	CHRNB1
CHRND	CHRNB3
CHRND	CHRNB2
CHRND	CHRNB4
CHRND	CHRNA3
CHRND	CHRNA4
CHRND	CHRNA5
CHRND	CHRNA6
CHRND	CHRNA7
CHRND	CHRNA2
CHRND	CHRNE
CHRND	CHRNA9
CHRND	CHRNA1
SYBU	STX1B
STXBP5L	STX1B
ZNF397	PGBD1
ZNF397	ZNF232
ZNF397	ZKSCAN1
ZNF397	ZNF434
ZNF397	ZSCAN29
ZNF397	ZSCAN20
ZNF397	ZSCAN21
ZNF397	ZSCAN30
QTRTD1	QTRT1
HAMP	TFR2
HAMP	SLC11A2
HAMP	SLC40A1
HAMP	HFE2
HAMP	TMPRSS6
HAMP	CYBRD1
HAMP	TFRC
HAMP	LEAP2
HAMP	TF
HAMP	HFE
CCRL1	PVRL3
KRT35	HMHA1
SFMBT1	PSMB9
SFMBT1	PSMB8
PTK2B	PRKCH
PTK2B	CHRNB1
PTK2B	PTPN11
PTK2B	FYN
PTK2B	PITPNM3
PTK2B	PITPNM2
PTK2B	TGFB1I1
C5AR1	GPR17
C5AR1	CR1
C5AR1	FPR1
C5AR1	SAA1
C5AR1	PNOC
C5AR1	GNGT2
C5AR1	C3
C5AR1	TAS2R60
C5AR1	C5
C5AR1	PPYR1
C4BPB	C4BPA
C4BPB	C2
LRRC49	HAUS4
LRRC49	PVR
DAB2	FNBP1
DAB2	ITSN2
DAB2	FCHO2
DAB2	FCHO1
DAB2	SNX18
DAB2	HIP1
DAB2	SH3GL3
DAB2	TFRC
DAB2	RAB5B
DAB2	REPS1
DAB2	REPS2
DAB2	SYT11
DAB2	TF
DAB2	RAB5A
DAB2	RAB5C
DAB2	AMPH
DAB2	EPN2
DAB2	SYT8
DAB2	VAMP3
DAB2	VAMP4
DAB2	VAMP7
DAB2	SLC2A8
DAB2	VAMP8
DAB2	AAK1
DAB2	CBL
DAB2	STON2
DAB2	PICALM
MICB	ULBP2
MICB	HCST
MICB	ULBP1
MICA	ULBP2
MICA	HCST
MICA	ULBP1
TUBA3E	ZFP3
ASB9	CDC16
ASB9	UBE2J1
ASB9	CKM
ASB9	UBE2B
ASB9	UBE2E1
ASB9	UBE2L6
ASB9	STUB1
ASB9	UBE2U
ZNF487P	MS4A10
CNPY4	LY96
FGFBP3	FGF22
FGFBP2	FGF22
FGFBP1	FGF22
CDH1	RAB8B
CDH1	ADAM10
CDH1	RAB5A
CDH1	FYN
CDH1	STX4
CDH1	NCSTN
CDH1	PVRL1
CDH1	PVRL2
CDH1	PIK3R1
CDH1	NFKB1
CDH1	CDC16
CDH1	KLRG1
CDH1	ZYX
RELB	NFKBIA
RELB	PSMB9
RELB	PSMB8
RELB	NFKB1
RELB	NFKB2
RELB	BCL3
FGA	GGACT
FGA	ECM1
FGA	ITGAM
FGA	HABP2
FGA	LY96
FGA	CLU
FGA	APOA1
NOL12	ZNF512
NOL12	ZNF668
NOL12	ZBTB24
KAT8	KANSL3
KAT8	KANSL2
KAT8	MSL1
KAT8	TAF6
RAB5A	FNBP1
RAB5A	ITSN2
RAB5A	AAK1
RAB5A	SNX18
RAB5A	HIP1
RAB5A	SH3GL3
RAB5A	RAB8B
RAB5A	TFRC
RAB5A	RAB5B
RAB5A	REPS1
RAB5A	REPS2
RAB5A	SYT11
RAB5A	RABEP1
RAB5A	RIN2
RAB5A	RAB5C
RAB5A	AMPH
RAB5A	EPN2
RAB5A	TF
RAB5A	SYT8
RAB5A	VAMP3
RAB5A	VAMP4
RAB5A	VAMP7
RAB5A	SLC2A8
RAB5A	VAMP8
RAB5A	STX4
RAB5A	CBL
RAB5A	STON2
RAB5A	PICALM
RAB5C	FNBP1
RAB5C	ITSN2
RAB5C	SNX18
RAB5C	HIP1
RAB5C	SH3GL3
RAB5C	RAB8B
RAB5C	TFRC
RAB5C	RAB5B
RAB5C	REPS1
RAB5C	REPS2
RAB5C	SYT11
RAB5C	RABEP1
RAB5C	TF
RAB5C	AMPH
RAB5C	EPN2
RAB5C	SYT8
RAB5C	VAMP3
RAB5C	VAMP4
RAB5C	VAMP7
RAB5C	SLC2A8
RAB5C	VAMP8
RAB5C	AAK1
RAB5C	CBL
RAB5C	STON2
RAB5C	PICALM
RAB5B	FNBP1
RAB5B	RIN3
RAB5B	SNX18
RAB5B	HIP1
RAB5B	SH3GL3
RAB5B	TFRC
RAB5B	ITSN2
RAB5B	REPS1
RAB5B	REPS2
RAB5B	SYT11
RAB5B	RABEP1
RAB5B	TF
RAB5B	RIN2
RAB5B	AMPH
RAB5B	EPN2
RAB5B	SYT8
RAB5B	VAMP3
RAB5B	VAMP4
RAB5B	VAMP7
RAB5B	SLC2A8
RAB5B	VAMP8
RAB5B	AAK1
RAB5B	CBL
RAB5B	STON2
RAB5B	PICALM
APOBR	APOC1
CORIN	NPPA
AMACR	HSD3B7
LY96	PTPN11
LY96	LY86
LPA	CETP
LPA	CSF1R
LPA	APOC3
LPA	APOA4
LPA	APOC2
LPA	APOA1
LPA	ITGAM
SYT8	FNBP1
SYT8	FCHO2
SYT8	FCHO1
SYT8	SNX18
SYT8	HIP1
SYT8	SH3GL3
SYT8	TFRC
SYT8	ITSN2
SYT8	REPS1
SYT8	REPS2
SYT8	SYT11
SYT8	TF
SYT8	AMPH
SYT8	EPN2
SYT8	VAMP3
SYT8	VAMP4
SYT8	VAMP7
SYT8	SLC2A8
SYT8	VAMP8
SYT8	AAK1
SYT8	CBL
SYT8	STON2
SYT8	PICALM
STXBP1	VAMP3
STXBP1	STX1B
STXBP1	STX4
STXBP1	TNFAIP2
STXBP1	EXOC3L4
STXBP1	EXOC3L2
STXBP1	EXOC3L1
STXBP1	RAB34
CNBP	MBNL2
CNBP	MBNL3
C1QC	CSF1R
C1QC	C1QB
C1QC	C1QA
C1QC	C1R
C1QC	C1S
C1QC	C2
C1QB	CSF1R
C1QB	VSIG4
C1QB	C1QA
C1QB	CD163
C1QB	C1R
C1QB	C1S
C1QB	C2
C1QA	CSF1R
C1QA	VSIG4
C1QA	CD163
C1QA	C1R
C1QA	C1S
C1QA	C2
SLTM	SFPQ
SLTM	DNAJC19
CYLD	BCL3
HGFAC	SPINT1
ENSG00000103426	DNAJC19
CD300C	IRF2BP1
CD300C	CD55
CD300C	COL6A6
CD300C	ATRN
DPP7	DPP9
DPP7	PVR
DPP7	PCDHGB6
OSBP	PPM1L
DBT	BCKDHA
DBT	BCKDHB
DBT	BCKDK
DBT	DLD
SLC8A1	SLC8A2
NUP88	C11orf73
VSIG4	C3
VSIG4	CD163
VSIG4	CSF1R
COPS6	ERCC2
COPS6	ERCC3
COPS6	POLR2E
COPS6	STON2
COPS6	PSMB9
COPS6	FEM1B
COPS6	BTBD2
SAA1	GPR17
SAA1	AGER
SAA1	TAS2R60
SAA1	PNOC
SAA1	S100B
SAA1	GNGT2
SAA1	PIK3R1
SAA1	FPR1
SAA1	C3
SAA1	NFKB1
SAA1	NFKB2
SAA1	S100A12
SAA1	APOA1
SAA1	C5
SAA1	PPYR1
NCSTN	DTX4
NCSTN	APH1B
NCSTN	APH1A
NCSTN	EPHB1
NCSTN	EPHB6
NCSTN	EPHB3
NCSTN	NOTCH4
NCSTN	PSEN2
NCSTN	EPHB2
NCSTN	ENSG00000188223
NCSTN	ITGB3BP
NCSTN	CNTN6
NCSTN	ZNF274
NCSTN	PSENEN
NCSTN	DLL4
NCSTN	EPHB4
NCSTN	DNER
CNTN2	ASRGL1
CNTN2	CNTNAP2
PPOX	ALAD
PPOX	ECM1
PPOX	FECH
CNTN6	APH1B
CNTN6	PSENEN
BCKDK	BCKDHA
BCKDK	BCKDHB
BCKDK	DLD
SLC11A2	TFR2
SLC11A2	SLC40A1
SLC11A2	CYBRD1
SLC11A2	TFRC
SLC11A2	TF
SLC11A2	HFE
GATS	SLC6A13
GATS	SLC6A1
TIGIT	CD96
TIGIT	PVRL3
TIGIT	PVR
TIGIT	PVRL2
CEACAM5	SMUG1
CEACAM5	KRT7
CAMTA1	NPPA
TNS1	PIK3R1
TNS1	ZYX
ANXA11	STXBP2
ANXA11	ANXA3
ANXA11	BTNL2
SLC22A18AS	RNF167
SLC22A18AS	PHLDA2
SLC22A18AS	SLC22A18
SLC22A18AS	KCNQ1
SORL1	GGA1
SORL1	BLID
SORL1	OMA1
SORL1	VPS26B
CD46	CR1
CD46	C3
CD46	C2
CD46	SLAMF1
DLD	NDUFS2
DLD	BCKDHB
DLD	BCKDHA
LACTB	CPSF3L
LACTB	INTS9
LACTB	PPM1L
UBE2E1	UBE2L6
UBE2E1	UBE2B
UBE2E1	CDC16
UBE2E1	UBE2J1
UBE2E1	STUB1
UBE2E1	NFKB1
UBE2E1	ZFAND4
UBE2E1	PSMB8
UBE2E1	RNF167
UBE2E1	PSMB9
UBE2E1	RNF40
UBE2E1	UBE2U
PHLDB2	CLASRP
KLRG1	FCER1G
KLRG1	INPP5D
KLRG1	PTPN11
KLRG1	PILRA
KLRG1	FCER1A
KLRG1	MS4A2
LARS	GSPT1
CD96	PVR
CD96	PVRL2
MEF2C	CKM
MEF2C	ABL1
MEF2C	NPPA
SNAP47	VAMP3
SNAP47	STX1B
SNAP47	VAMP5
SNAP47	VAMP4
SNAP47	VAMP7
SNAP47	TSNARE1
SNAP47	VAMP8
SNAP47	STX4
SNAP47	ENSG00000263620
PDZD4	ELF3
PDZD4	ELF5
SRRD	HFE
DMWD	USP38
DMWD	USP46
DMWD	USP12
DMWD	USP1
DMWD	SYMPK
DMWD	SCRIB
DMWD	RSPH6A
DMWD	USP35
SHISA9	OLFM2
GPR17	PNOC
GPR17	GNGT2
GPR17	PIK3R1
GPR17	FPR1
GPR17	C3
GPR17	TAS2R60
GPR17	C5
GPR17	PPYR1
EPHX2	CYP2B6
MFNG	NOTCH4
ZNF232	ZNF434
ZNF232	ZSCAN20
CD300LF	INPP5D
STXBP3	VAMP3
STXBP3	EXOC5
STXBP3	STX1B
STXBP3	VAMP8
STXBP3	EXOC8
STXBP3	STX4
STXBP3	TNFAIP2
STXBP3	EXOC3L4
STXBP3	EXOC3L2
STXBP3	EXOC3L1
STXBP3	VAMP7
STXBP2	ANXA3
STXBP2	STX1B
STXBP2	VAMP8
STXBP2	STX4
STXBP2	TNFAIP2
STXBP2	EXOC3L4
STXBP2	EXOC3L2
STXBP2	EXOC3L1
TREM1	TREML2
TREM1	FPR1
TREM1	TREML1
TREM1	TREM2
STXBP4	STX4
CHAT	CHRNA10
CHAT	CHRNA9
CHAT	CHRNA4
CHAT	PHOSPHO1
CHAT	ACHE
CHAT	GPCPD1
TREM2	KLRC2
TREM2	VAV3
TREM2	FYN
TREM2	TREML2
TREM2	TREML1
TREM2	PIK3R1
TREM2	FPR1
TREM2	SEMA6D
GABRA5	SLC6A13
GABRA5	SLC6A1
GABRA5	GPHN
ITIH2	APOA1
ATXN7L2	AP4M1
FECH	ALAD
FLT1	PIK3R1
FLT1	EFNA4
FLT1	EFNA2
FLT1	SH3GLB2
FLT1	EPN2
FLT1	EFNA5
FLT1	CBL
FLT1	CD2AP
FLT1	FGF22
FLT1	PTPN11
FLT1	SH3GL3
PVR	HAUS4
PVR	PVRL1
PVR	MLLT4
PVR	PVRL3
PVR	PCDHGB6
ATP2A2	NOTCH4
ATP2A2	ABCB8
ATP2A2	PLN
PSEN2	EPHB2
PSEN2	APH1B
PSEN2	APH1A
PSEN2	EPHB6
PSEN2	EPHB4
PSEN2	EPHB3
PSEN2	NOTCH4
PSEN2	DTX4
PSEN2	ITGB3BP
PSEN2	EPHB1
PSEN2	ENSG00000188223
PSEN2	PSENEN
PSEN2	APLP2
PSEN2	DNER
HFE2	TFR2
HFE2	HFE
HFE2	TMPRSS6
HFE2	SLC40A1
CSF1R	CBL
CSF1R	SH3GL3
CSF1R	ADAP2
CSF1R	IL3
CSF1R	EFNA5
CSF1R	EFNA4
CSF1R	EFNA2
CSF1R	SH3GLB2
CSF1R	EPN2
CSF1R	MS4A6A
CSF1R	VAV3
CSF1R	CD163
CSF1R	ITGAM
CSF1R	FGF22
CSF1R	PTPN11
TPM1	ACTA2
TPM1	CNN2
ZNF434	PGBD1
ZNF434	ZKSCAN1
ZNF434	ZSCAN29
ZNF434	ZSCAN23
ZNF434	ZSCAN20
ZNF434	ZSCAN21
ZNF434	ZSCAN22
ZNF434	ZSCAN30
TTC27	CSTF1
TTC27	CD2AP
CLASRP	CLASP2
CLASRP	CLASP1
CLASRP	GPHN
GPCPD1	PHOSPHO1
GPCPD1	ACHE
CFHR2	C3
POU1F1	HESX1
CFHR4	C3
ASCL2	PHLDA2
GAB3	PTPN11
DLL4	NEURL1B
DLL4	APH1B
DLL4	NEURL
DLL4	NOTCH4
DLL4	ADAM10
DLL4	PSENEN
CLU	ECM1
CLU	C5
KEL	PIP
KEL	XK
KEL	XKRX
KEL	XKR3
SLC22A18	PHLDA2
SLC22A18	RNF167
SLC22A18	KCNQ1
AGER	NOX1
AGER	CYBB
AGER	NOX3
AGER	ITGAM
AGER	NFKB1
AGER	NFKB2
AGER	S100A12
AGER	S100B
EXOC5	EXOC6B
EXOC5	EXOC8
EXOC5	STX4
EXOC5	TNFAIP2
EXOC5	EXOC3L4
EXOC5	EXOC3L2
EXOC5	EXOC3L1
UBE2NL	ZFAND4
STX4	RAB4A
STX4	VAMP7
STX4	TSNARE1
STX4	ANXA3
STX4	TXLNB
STX4	VAMP5
STX4	VAMP4
STX4	VAMP3
STX4	VAMP8
STX4	EXOC8
STX4	ENSG00000263620
REEP4	B4GALT3
HOXA7	PBX2
HOXA7	MEIS1
ZFP36	ZKSCAN1
ZFP36	JUNB
HOXA4	POLR2E
HOXA4	PBX2
CDK9	CPSF3L
CDK9	ERCC2
CDK9	ERCC3
CDK9	POLR2E
CDK9	SART3
CDK9	HEXIM1
CDK9	HEXIM2
CDK9	TAF6
CDK9	INTS9
GPR77	C3
GPR77	C5
EXOC8	EXOC6B
EXOC8	TNFAIP2
EXOC8	EXOC3L4
EXOC8	EXOC3L2
EXOC8	EXOC3L1
SLAMF1	PTPN11
SLAMF1	FYN
SLAMF1	DOK1
ST6GAL2	B4GALT3
EXOC3L1	EXOC6B
NEURL	NOTCH4
USP1	HIP1
USP1	UBE2B
ERCC2	TAF6
ERCC2	ERCC3
ERCC2	POLR2E
ERCC3	TAF6
ERCC3	POLR2E
USP6	TBC1D7
USP6	CDC16
USP6	USP14
USP6	QTRT1
AP3S2	AP3B2
AP3S2	AP5Z1
AP3S2	SYNRG
AP3S2	AFTPH
AP3S2	AP4M1
APOA4	LRP10
APOA4	LRP12
APOA4	LRP8
APOA4	GPC2
APOA4	LRP1
APOA4	MTTP
APOA4	APOA1
APOA4	APOC3
ITGB3BP	APH1B
ITGB3BP	APH1A
ITGB3BP	CLASP2
ITGB3BP	CLASP1
ITGB3BP	PSENEN
LGI3	STX1B
SOX3	HESX1
SOX3	ESX1
GAL3ST2	SULT1C2
HIP1	FNBP1
HIP1	ITSN2
HIP1	FCHO2
HIP1	FCHO1
HIP1	SNX18
HIP1	SH3GL3
HIP1	TFRC
HIP1	USP46
HIP1	REPS1
HIP1	REPS2
HIP1	SYT11
HIP1	TF
HIP1	AMPH
HIP1	EPN2
HIP1	USP38
HIP1	USP35
HIP1	USP12
HIP1	VAMP3
HIP1	VAMP4
HIP1	VAMP7
HIP1	SLC2A8
HIP1	VAMP8
HIP1	AAK1
HIP1	CBL
HIP1	STON2
HIP1	PICALM
GAL3ST4	SULT1C2
FAM192A	RAB40A
SIN3A	MXI1
SIN3A	KLF11
SIN3A	SIN3B
INPPL1	INPP5D
INPPL1	FCGR2B
INPPL1	IL3
INPPL1	EPHA1
FYN	EPHB2
FYN	VLDLR
FYN	EPHA8
FYN	EPHA7
FYN	KIRREL
FYN	EPHA5
FYN	GAB2
FYN	EPHA1
FYN	EPHB1
FYN	ABL1
FYN	MS4A2
FYN	FCER1G
FYN	FCER1A
FYN	MLLT4
FYN	EPHB3
FYN	DOK1
FYN	PIK3R1
FYN	EPHA6
FYN	KLRC2
FYN	EPHB6
FYN	EPHB4
FYN	EFNA5
FYN	EFNA4
FYN	EFNA3
FYN	EFNA2
FYN	CLEC4E
FYN	C6orf25
FYN	EPHA10
FYN	LRP8
FYN	CLEC6A
FYN	VAV3
FYN	CBL
FYN	CD2AP
FYN	PTPN11
FYN	BCL3
APOA1	APOC3
APOA1	APOC1
APOA1	MSR1
APOA1	AMN
APOA1	TF
APOA1	LRP10
APOA1	LRP12
APOA1	CETP
APOA1	LRP1
APOA1	LRP8
APOA1	GPC2
APOA1	MTTP
MTX3	TOMM40
HCLS1	FCER1A
HCLS1	FCER1G
HCLS1	MS4A2
PHLDA2	KCNQ1
FUT2	B4GALT3
KLRC2	VAV3
KLRC2	PIK3R1
INTS9	POLR2E
INTS9	TAF6
INTS9	CPSF3L
CHRNE	MINK1
CHRNE	CHRNA2
CHRNE	CHRNB1
CHRNE	CHRNB3
CHRNE	CHRNB2
CHRNE	CHRNB4
CHRNE	CHRNA4
CHRNE	CHRNA5
CHRNE	CHRNA6
CHRNE	CHRNA7
CHRNE	CHRNA3
CHRNE	ACHE
CHRNE	CHRNA9
CHRNE	CHRNA1
FCGR2B	FCER1G
FCGR2B	INPP5D
FCGR2B	DOK1
FCGR2B	ITGAM
FCGR2B	FCER1A
FCGR2B	MS4A2
MS4A6A	FCER1G
MS4A6A	CD163
MS4A6E	MS4A10
MS4A6E	MS4A8B
HMHA1	KRT34
PBX2	MEIS3
PBX2	MEIS2
PBX2	MEIS1
PBX2	AGPAT1
PBX2	HOXA10
PPYR1	FPR1
PPYR1	PNOC
PPYR1	GNGT2
PPYR1	C3
PPYR1	TAS2R60
PPYR1	C5
CHRNA4	CHRNB1
CHRNA4	CHRNB3
CHRNA4	CHRNB2
CHRNA4	CHRNB4
CHRNA4	CHRNA3
CHRNA4	CHRNA5
CHRNA4	CHRNA6
CHRNA4	CHRNA7
CHRNA4	CHRNA2
CHRNA4	ACHE
CHRNA4	CHRNA9
CHRNA4	CHRNA1
VAMP3	FNBP1
VAMP3	STX1B
VAMP3	FCHO2
VAMP3	FCHO1
VAMP3	SNX18
VAMP3	SH3GL3
VAMP3	AAK1
VAMP3	TFRC
VAMP3	TSNARE1
VAMP3	ITSN2
VAMP3	REPS1
VAMP3	REPS2
VAMP3	SYT11
VAMP3	TF
VAMP3	EPN2
VAMP3	AMPH
VAMP3	VAMP4
VAMP3	VAMP7
VAMP3	SLC2A8
VAMP3	VAMP8
VAMP3	CBL
VAMP3	STON2
VAMP3	PICALM
VAMP3	ENSG00000263620
VAMP5	STX1B
VAMP5	VAMP4
VAMP5	VAMP7
VAMP5	TSNARE1
VAMP5	VAMP8
DPH5	ZYX
DPH5	CD2AP
VAMP7	FNBP1
VAMP7	STX1B
VAMP7	FCHO2
VAMP7	FCHO1
VAMP7	SNX18
VAMP7	SH3GL3
VAMP7	AAK1
VAMP7	TFRC
VAMP7	TSNARE1
VAMP7	ITSN2
VAMP7	REPS1
VAMP7	REPS2
VAMP7	SYT11
VAMP7	TF
VAMP7	AMPH
VAMP7	EPN2
VAMP7	VAMP4
VAMP7	SLC2A8
VAMP7	VAMP8
VAMP7	CBL
VAMP7	STON2
VAMP7	PICALM
NOTCH4	DTX4
NOTCH4	APH1B
NOTCH4	APH1A
NOTCH4	DTX3
NOTCH4	ENSG00000188223
NOTCH4	NEURL1B
NOTCH4	ADAM10
NOTCH4	PSENEN
NOTCH4	POFUT1
VAMP8	FNBP1
VAMP8	STX1B
VAMP8	FCHO2
VAMP8	FCHO1
VAMP8	SNX18
VAMP8	SH3GL3
VAMP8	AAK1
VAMP8	TFRC
VAMP8	TSNARE1
VAMP8	ITSN2
VAMP8	REPS1
VAMP8	REPS2
VAMP8	SYT11
VAMP8	TF
VAMP8	AMPH
VAMP8	EPN2
VAMP8	VAMP4
VAMP8	SLC2A8
VAMP8	CBL
VAMP8	STON2
VAMP8	PICALM
CLEC4E	CLEC6A
CLEC4E	FCER1G
CLEC4D	FCER1G
CSTF1	POLR2E
CHRNA6	CHRNA2
CHRNA6	CHRNB1
CHRNA6	CHRNB3
CHRNA6	CHRNB2
CHRNA6	CHRNB4
CHRNA6	CHRNA5
CHRNA6	CHRNA3
CHRNA6	CHRNA7
CHRNA6	CHRNA1
CHRNA6	CHRNA9
BCKDHB	BCKDHA
PICALM	FNBP1
PICALM	FCHO2
PICALM	FCHO1
PICALM	SNX18
PICALM	SH3GL3
PICALM	SYT11
PICALM	ITSN2
PICALM	REPS1
PICALM	BMP2K
PICALM	REPS2
PICALM	TFRC
PICALM	TF
PICALM	AMPH
PICALM	EPN2
PICALM	VAMP4
PICALM	SLC2A8
PICALM	AAK1
PICALM	CBL
PICALM	STON2
WIPF1	FCER1A
WIPF1	FCER1G
WIPF1	MS4A2
TAS2R60	FPR1
TAS2R60	PNOC
TAS2R60	GNGT2
TAS2R60	C3
TAS2R60	C5
ZSCAN30	ZSCAN20
TOMM40	DNAJC19
RAET1E	HCST
UBE2J1	UBE2L6
UBE2J1	UBE2B
UBE2J1	CDC16
UBE2J1	STUB1
UBE2J1	RNF5
UBE2J1	UBE2U
RAB4A	TFRC
RAB4A	RABEP1
CKM	GAMT
SYMPK	CPSF3L
LRRC16A	MYO1A
LRRC16A	CD2AP
FCHO1	FNBP1
FCHO1	FCHO2
FCHO1	SNX18
FCHO1	SH3GL3
FCHO1	SYT11
FCHO1	ITSN2
FCHO1	REPS1
FCHO1	REPS2
FCHO1	TFRC
FCHO1	TF
FCHO1	AMPH
FCHO1	EPN2
FCHO1	VAMP4
FCHO1	SLC2A8
FCHO1	AAK1
FCHO1	CBL
FCHO1	STON2
APOC4	APOC2
APOC4	APOC1
APOC2	APOC1
APOC2	APOC3
APOC3	CETP
APOC3	LRP10
APOC3	LRP12
APOC3	MTTP
APOC3	LRP8
APOC3	GPC2
APOC3	LRP1
APOC3	APOC1
APOC1	VLDLR
TSNARE1	STX1B
TSNARE1	VAMP4
TSNARE1	ENSG00000263620
FCHO2	FNBP1
FCHO2	SNX18
FCHO2	SH3GL3
FCHO2	SYT11
FCHO2	ITSN2
FCHO2	REPS1
FCHO2	REPS2
FCHO2	TFRC
FCHO2	TF
FCHO2	AMPH
FCHO2	EPN2
FCHO2	VAMP4
FCHO2	SLC2A8
FCHO2	AAK1
FCHO2	CBL
FCHO2	STON2
CCDC91	GGA1
STAP1	CD2AP
IRF2BP1	GSPT1
IRF2BP1	CD55
IRF2BP1	TATDN1
IRF2BP1	ATRN
IRF2BP1	COL6A6
ENSA	MINK1
ENSA	ARPP19
FPR1	PNOC
FPR1	GNGT2
FPR1	C3
FPR1	C5
SH3GLB2	CBL
OMA1	SORCS2
OMA1	ERMP1
PCYT1A	PCYT1B
PCYT1A	PHOSPHO1
PCYT1B	PHOSPHO1
INPP5D	FCER1G
INPP5D	FCER1A
INPP5D	PTPN11
INPP5D	DOK1
INPP5D	IL3
INPP5D	PIK3R1
INPP5D	MS4A2
CNN2	ACTA2
CNN2	ZYX
CNN2	FSCN1
RNF185	RNF5
PTPN11	GAB4
PTPN11	GAB2
PTPN11	LAIR1
PTPN11	MS4A2
PTPN11	FCER1G
PTPN11	MLLT4
PTPN11	PILRA
PTPN11	PIK3R1
PTPN11	FER
PTPN11	C6orf25
PTPN11	FCER1A
PTPN11	CBL
PTPN11	IL3
PTPN11	FGF22
MASP1	FCN3
MASP1	FCN2
MASP1	FCN1
MASP1	MASP2
MASP1	TREML2
MASP1	C3
MASP1	C2
MASP1	MBL2
MASP2	FCN3
MASP2	FCN2
MASP2	FCN1
MASP2	C2
MASP2	MBL2
MS4A8B	MS4A3
JKAMP	RNF5
JKAMP	DUSP10
ENSG00000263620	STX1B
FCN3	FCN2
FCN3	FCN1
FCN3	C2
FCN3	MBL2
PNRC1	C4BPA
SULT1C2	HS3ST5
SULT1C2	HS3ST4
SULT1C2	HS3ST2
SULT1C2	HS3ST1
SULT1C2	HS3ST3A1
SULT1C2	HS3ST3B1
GAB2	FCER1G
GAB2	FCER1A
GAB2	IL3
GAB2	PIK3R1
GAB2	MS4A2
FCN1	FCN2
FCN1	C2
FCN1	MBL2
GJC3	KCNA2
EXOC3L4	EXOC6B
LAIR1	PILRA
EXOC3L2	EXOC6B
USP26	USP12
EPHB6	EPHA8
EPHB6	EPHA7
EPHB6	EPHA6
EPHB6	EPHA5
EPHB6	EPHA1
EPHB6	ABL1
EPHB6	PSENEN
EPHB6	APH1B
EPHB6	APH1A
EPHB6	EPHB2
EPHB6	EPHB3
EPHB6	EPHB1
EPHB6	EPHB4
EPHB6	EFNA5
EPHB6	EFNA4
EPHB6	EFNA3
EPHB6	EFNA2
EPHB6	EPHA10
EPHB6	VAV3
KANSL3	KANSL2
MS4A5	MS4A2
CDC16	UBE2B
CDC16	STUB1
CDC16	PSMB8
CDC16	NFKB1
CDC16	TBC1D7
CDC16	UBE2L6
CDC16	PSMB9
CDC16	UBE2U
C4BPA	NFKBIA
C4BPA	NFKB1
C4BPA	C3
C4BPA	C2
TNRC18	SIN3B
USP46	MYO1A
MEIS2	MEIS1
MEIS1	POLR2E
MEIS1	HOXA10
ENTHD2	AP4S1
SYT11	FNBP1
SYT11	SNX18
SYT11	SH3GL3
SYT11	ITSN2
SYT11	REPS1
SYT11	REPS2
SYT11	TFRC
SYT11	TF
SYT11	AMPH
SYT11	EPN2
SYT11	VAMP4
SYT11	SLC2A8
SYT11	AAK1
SYT11	CBL
SYT11	STON2
CX3CL1	ADAM10
B4GALT3	GOLGA5
B4GALT3	ST8SIA2
MS4A1	PGA4
MS4A1	MS4A3
NPPC	NPPA
NPPA	JUND
EPHB2	EPHA8
EPHB2	EPHA7
EPHB2	EPHA6
EPHB2	EPHA5
EPHB2	EPHA1
EPHB2	ABL1
EPHB2	PSENEN
EPHB2	APH1B
EPHB2	APH1A
EPHB2	PIK3R1
EPHB2	EPHB3
EPHB2	EPHB1
EPHB2	EPHB4
EPHB2	EFNA5
EPHB2	EFNA4
EPHB2	EFNA3
EPHB2	EFNA2
EPHB2	EPHA10
EPHB2	VAV3
FCN2	C2
FCN2	MBL2
GSPT1	CD55
GSPT1	COL6A6
EPHB1	EPHA8
EPHB1	EPHA7
EPHB1	EPHA6
EPHB1	EPHA5
EPHB1	EPHA1
EPHB1	ABL1
EPHB1	PSENEN
EPHB1	APH1B
EPHB1	APH1A
EPHB1	PIK3R1
EPHB1	EPHB3
EPHB1	EPHB4
EPHB1	EFNA5
EPHB1	EFNA4
EPHB1	EFNA3
EPHB1	EFNA2
EPHB1	EPHA10
EPHB1	VAV3
EPHB4	EPHA8
EPHB4	EPHA7
EPHB4	EPHA6
EPHB4	EPHA5
EPHB4	EPHA1
EPHB4	ABL1
EPHB4	PSENEN
EPHB4	APH1B
EPHB4	APH1A
EPHB4	PIK3R1
EPHB4	EPHB3
EPHB4	EFNA5
EPHB4	EFNA4
EPHB4	EFNA3
EPHB4	EFNA2
EPHB4	EPHA10
EPHB4	VAV3
EPN2	FNBP1
EPN2	SNX18
EPN2	SH3GL3
EPN2	TFRC
EPN2	ITSN2
EPN2	REPS1
EPN2	REPS2
EPN2	TF
EPN2	AMPH
EPN2	VAMP4
EPN2	SLC2A8
EPN2	AAK1
EPN2	CBL
EPN2	STON2
PTPN3	CBL
KCNQ1	MINK1
CR1	C3
CR1	C2
CCDC132	TSSC1
UBE2B	UBE2L6
UBE2B	STUB1
UBE2B	TTLL12
UBE2B	RNF40
UBE2B	UBE2U
OTOF	RAB8B
FGF22	PIK3R1
FGF22	CBL
UBE2W	STUB1
STX1B	VAMP4
MYO1A	CD2AP
MYO1A	USP12
KRT7	PIP
KRT4	CD2AP
KCNA2	CNTNAP2
SH3GL3	FNBP1
SH3GL3	SNX18
SH3GL3	ITSN2
SH3GL3	REPS1
SH3GL3	REPS2
SH3GL3	TFRC
SH3GL3	TF
SH3GL3	AMPH
SH3GL3	VAMP4
SH3GL3	SLC2A8
SH3GL3	AAK1
SH3GL3	CBL
SH3GL3	STON2
APH1B	DTX4
APH1B	APH1A
APH1B	PSENEN
APH1B	EPHB3
APH1B	ENSG00000188223
APH1B	ZNF274
APH1B	DNER
APH1A	DTX4
APH1A	EPHB3
APH1A	ENSG00000188223
APH1A	PSENEN
APH1A	DNER
PGBD1	ZSCAN20
CHRNB1	CHRNA2
CHRNB1	CHRNB3
CHRNB1	CHRNB2
CHRNB1	CHRNB4
CHRNB1	CHRNA3
CHRNB1	CHRNA5
CHRNB1	CHRNA7
CHRNB1	CHRNA9
CHRNB3	CHRNA2
CHRNB3	CHRNA3
CHRNB3	CHRNB2
CHRNB3	CHRNB4
CHRNB3	CHRNA5
CHRNB3	CHRNA7
CHRNB3	CHRNA1
CHRNB3	CHRNA9
CHRNB2	CHRNA2
CHRNB2	CHRNA3
CHRNB2	CHRNB4
CHRNB2	CHRNA5
CHRNB2	CHRNA7
CHRNB2	CHRNA9
CHRNB2	CHRNA1
MARK4	HAUS4
MARK4	HAUS2
MARK4	CLASP1
ARPP19	MINK1
RABEP1	GGA1
RABEP1	GGA3
RABEP1	ZFAND4
C3	CD55
C3	MBL2
C3	C2
C3	C5
C3	GNGT2
C3	PNOC
C3	ITGAM
C3	C1S
C3	C1R
C2	CD55
C2	MBL2
C2	C5
C2	C1S
C2	C1R
SLC6A11	SLC6A13
DNER	DTX4
DNER	PSENEN
SYNRG	GGA1
SYNRG	AP5Z1
SYNRG	AP4M1
SYNRG	GGA3
SYNRG	AFTPH
C5	PNOC
C5	GNGT2
CPSF3L	TAF6
CPSF3L	POLR2E
EPB41L3	CNTNAP2
EFNA5	EPHB3
EFNA5	EPHA8
EFNA5	EPHA7
EFNA5	EPHA5
EFNA5	EFNA4
EFNA5	EFNA2
EFNA5	EPHA1
EFNA5	ADAM10
EFNA5	EPHA6
EFNA5	EPHA10
EFNA5	EFNA3
EFNA5	VAV3
EFNA4	EPHB3
EFNA4	EPHA8
EFNA4	EPHA7
EFNA4	EPHA5
EFNA4	EFNA2
EFNA4	EPHA1
EFNA4	ADAM10
EFNA4	EPHA6
EFNA4	EPHA10
EFNA4	EFNA3
EFNA4	VAV3
EFNA3	EPHB3
EFNA3	EPHA8
EFNA3	EPHA7
EFNA3	VAV3
EFNA3	EPHA5
EFNA3	EFNA2
EFNA3	EPHA1
EFNA3	ADAM10
EFNA3	EPHA6
EFNA3	EPHA10
EFNA2	EPHB3
EFNA2	EPHA8
EFNA2	EPHA7
EFNA2	EPHA5
EFNA2	EPHA1
EFNA2	ADAM10
EFNA2	EPHA6
EFNA2	EPHA10
EFNA2	VAV3
ATRN	CD55
ATRN	COL6A6
ITGAM	LRP1
ITGAM	IL3
ITGAM	NFKB1
ITGAM	SELP
PNOC	GNGT2
PNOC	CHRNA2
GMEB1	HSPB2
FSCN1	ACTA2
FSCN1	ZYX
LRP1	GPC2
CKMT2	GAMT
LRP8	VLDLR
LRP8	ABL1
LRP8	GPC2
PRSS3	APLP2
TREML2	TREML1
TREML1	SELP
IL3	PIK3R1
IL3	ABL1
PLN	ABCB8
DTX4	PSENEN
HS3ST5	GPC2
HS3ST4	GPC2
HS3ST2	GPC2
HS3ST1	GPC2
KIRREL	CD2AP
INF2	CD2AP
CBL	FNBP1
CBL	ABL1
CBL	CD2AP
CBL	FCER1G
CBL	TFRC
CBL	VAV3
CBL	ITSN2
CBL	REPS1
CBL	REPS2
CBL	PIK3R1
CBL	TF
CBL	MS4A2
CBL	AMPH
CBL	EPHA1
CBL	FCER1A
CBL	VAMP4
CBL	SLC2A8
CBL	AAK1
CBL	SNX18
CBL	STON2
PRSS8	APLP2
PRSS8	SPINT1
S100B	NFKB1
S100B	NFKB2
S100B	S100A12
MINK1	GPR22
AP3B2	AP4S1
AP3B2	AP4M1
TFRC	FNBP1
TFRC	SNX18
TFRC	ITSN2
TFRC	REPS1
TFRC	REPS2
TFRC	TF
TFRC	HFE
TFRC	TFR2
TFRC	AMPH
TFRC	SLC40A1
TFRC	VAMP4
TFRC	SLC2A8
TFRC	AAK1
TFRC	STON2
MLLT4	EPHB3
MLLT4	PVRL1
MLLT4	PVRL3
MLLT4	PVRL2
MLLT4	PVRL4
PHOSPHO1	AGXT2L1
PHOSPHO1	PCYT2
PHOSPHO1	ACHE
HS3ST3B1	GPC2
HS3ST3B1	HS3ST3A1
PCYT2	AGXT2L1
HSPB2	DIRC3
ZNF7	NOX4
EPHA10	EPHB3
EPHA10	EPHA8
EPHA10	EPHA7
EPHA10	EPHA5
EPHA10	EPHA1
EPHA10	ADAM10
EPHA10	EPHA6
EPHA10	VAV3
KANK1	AP4M1
C1S	C1R
BCL3	NFKBIA
BCL3	NFKB1
BCL3	NFKB2
COL6A6	CD55
CTRL	PSMB8
CHRNA2	CHRNB4
CHRNA2	CHRNA3
CHRNA2	CHRNA5
CHRNA2	CHRNA7
CHRNA2	CHRNA1
CHRNA2	CHRNA9
APLP2	SELP
S100A12	NFKB1
S100A12	NFKB2
MS4A2	FCER1G
MS4A2	DOK1
MS4A2	FER
MS4A2	PIK3R1
MS4A2	FCER1A
ZYX	CD2AP
ZYX	PIK3R1
ZYX	TTLL12
SPINT1	ST14
STUB1	UBE2L6
STUB1	RNF40
STUB1	UBE2U
ITSN2	FNBP1
ITSN2	SNX18
ITSN2	REPS1
ITSN2	REPS2
ITSN2	TF
ITSN2	AMPH
ITSN2	VAMP4
ITSN2	SLC2A8
ITSN2	AAK1
ITSN2	STON2
CYBRD1	HFE
CYBRD1	TFR2
CYBRD1	SLC40A1
ZSCAN29	ZSCAN20
EVI5	HAUS2
PIP	AZGP1
PIP	SCGB2A2
ZSCAN20	ZSCAN23
ZSCAN20	ZSCAN21
ZSCAN20	ZSCAN22
ZSCAN21	NOX4
EPHB3	EPHA8
EPHB3	EPHA7
EPHB3	EPHA6
EPHB3	EPHA5
EPHB3	EPHA1
EPHB3	ABL1
EPHB3	PSENEN
EPHB3	VAV3
AFTPH	GGA1
AFTPH	GGA3
AFTPH	AP5Z1
AFTPH	AP4M1
QTRT1	USP14
GPR22	GPR1
GPR22	GPR21
GPR21	GPR1
NOX1	CYBB
NOX1	NOX3
CD2AP	RIN3
CD2AP	SCPEP1
CD2AP	PIK3R1
ZKSCAN1	ZFP36L1
ZKSCAN1	ZFP36L2
ZKSCAN1	NOX4
ULBP2	ULBP3
ULBP2	HCST
ULBP2	ULBP1
ULBP3	HCST
ULBP3	ULBP1
ULBP1	HCST
ELP6	PSMB8
BATF	JUNB
BATF	JUND
NFKBIA	NFKB1
NFKBIA	PSMB9
NFKBIA	PSMB8
NFKBIA	NFKB2
NFKBIA	PIK3R1
NFKBIZ	NFKB1
NOX4	CYBB
PSENEN	ZNF274
AP4S1	AP4M1
HAUS4	CLASP1
HAUS4	HAUS2
HAUS2	CLASP1
PVRL1	PVRL3
PVRL1	PVRL2
PVRL1	PVRL4
PVRL1	STON2
PVRL3	PVRL2
PVRL3	PVRL4
PVRL3	PIK3R1
PVRL2	PVRL4
PIK3R1	VLDLR
PIK3R1	FCER1G
PIK3R1	FCER1A
PIK3R1	NFKB1
PIK3R1	GNGT2
PIK3R1	C6orf25
PIK3R1	VAV3
STAG3	ESCO1
RNF40	UBE2L6
RNF40	UBE2U
POLR2E	TAF6
HEXIM1	SART3
HEXIM1	HEXIM2
TMPRSS6	TFR2
TMPRSS6	HFE
SART3	USP15
AMPH	FNBP1
AMPH	SNX18
AMPH	REPS1
AMPH	REPS2
AMPH	TF
AMPH	VAMP4
AMPH	SLC2A8
AMPH	AAK1
AMPH	STON2
VAV3	EPHA8
VAV3	EPHA7
VAV3	EPHA6
VAV3	EPHA5
VAV3	EPHA1
VAV3	FCER1G
VAV3	CYBB
GPC2	LRP10
GPC2	HS3ST3A1
GPC2	LRP12
TNFAIP2	EXOC6B
UBE2U	UBE2L6
BATF2	JUNB
FOXP2	CNTNAP2
FNBP1	SNX18
FNBP1	REPS1
FNBP1	REPS2
FNBP1	TF
FNBP1	VAMP4
FNBP1	SLC2A8
FNBP1	AAK1
FNBP1	STON2
EPHA8	EPHA6
EPHA8	EPHA7
EPHA8	EPHA1
EPHA8	ADAM10
EPHA8	EPHA5
EPHA7	EPHA5
EPHA7	EPHA1
EPHA7	ADAM10
EPHA7	EPHA6
EPHA7	ABL1
EPHA6	EPHA5
EPHA6	EPHA1
EPHA6	ADAM10
EPHA6	ABL1
EPHA5	EPHA1
EPHA5	ADAM10
EPHA5	ABL1
EPHA1	ADAM10
EPHA1	ABL1
EPHA1	ANKS1B
CHRNB4	CHRNA3
CHRNB4	CHRNA5
CHRNB4	CHRNA7
CHRNB4	CHRNA9
CHRNB4	CHRNA1
ABL1	CLASP1
ABL1	DOK1
ABL1	CLASP2
SNX18	REPS1
SNX18	REPS2
SNX18	TF
SNX18	VAMP4
SNX18	SLC2A8
SNX18	AAK1
SNX18	STON2
HFE	TFR2
HFE	SLC40A1
HFE	TF
FCER1G	FCER1A
FCER1G	DOK1
FCER1G	FER
FCER1G	C6orf25
FCER1G	CLEC6A
FCER1G	CLEC4C
FCER1A	DOK1
FCER1A	FER
REPS1	REPS2
REPS1	TF
REPS1	VAMP4
REPS1	SLC2A8
REPS1	AAK1
REPS1	STON2
REPS2	TF
REPS2	VAMP4
REPS2	SLC2A8
REPS2	AAK1
REPS2	STON2
STON2	TF
STON2	VAMP4
STON2	SLC2A8
STON2	AAK1
NFKB1	PSMB8
NFKB1	NFKB2
NFKB1	PSMB9
NFKB2	PSMB9
NFKB2	PSMB8
EMR2	CD55
CYBB	NOX3
FOSL2	JUNB
FOSL2	JUND
GGA1	GGA3
CHRNA5	CHRNA3
CHRNA5	CHRNA7
CHRNA5	CHRNA1
CHRNA5	CHRNA9
CHRNA7	CHRNA3
CHRNA7	CHRNA1
CHRNA7	CHRNA9
CHRNA1	CHRNA3
CHRNA1	CHRNA9
CHRNA3	CHRNA9
VAMP4	TF
VAMP4	AAK1
VAMP4	SLC2A8
TFR2	SLC40A1
TFR2	TF
SLC2A8	TF
SLC2A8	AAK1
PSMB9	USP14
PSMB9	PSMB8
PSMB8	USP14
KCTD3	CNTNAP2
JUNB	JUND
TF	SLC40A1
TF	AAK1
SIN3B	MXI1
CLASP2	CLASP1
AP4M1	AP5Z1
